"","baseMean","log2FoldChange","lfcSE","stat","pvalue","padj"
"ARHGEF10L",785.294327387252,-0.256877605676215,0.0772753842268307,-3.32418412727898,0.000886776265309662,0.0282630411144578
"RBM14",1118.18352555023,0.112379290974874,0.034844983742198,3.2251210620822,0.00125919409383582,0.0346752549312988
"GRINA",7728.25304578148,0.315272160989264,0.0882568560749685,3.57221155398353,0.000353979273495595,0.0172278646113712
"OPA1",2088.17201755448,0.204164710647375,0.0521130500127401,3.91772714507139,8.9387802902965e-05,0.0078175068288737
"SPPL2A",960.03237340571,0.249655760371746,0.0752879436205205,3.31601247644782,0.000913117521724726,0.0286309108531167
"ATP2A2",6679.15189598804,0.182557455214801,0.0524782052414087,3.4787290147406,0.000503797755458924,0.0209838807719026
"ATP2A3",1986.43591287757,0.537892747070737,0.152512923971898,3.52686666193516,0.000420508474445564,0.0188270511875067
"SWAP70",1815.85622260929,-0.193334886155258,0.062017007511588,-3.11744945318642,0.00182423225970452,0.0414529427180694
"TACO1",510.863501352387,0.264630351599969,0.0830443528352021,3.18661465307721,0.00143948421351647,0.0373377767167297
"HLF",174.097655461484,-0.681869226512558,0.18547545866597,-3.6763312592237,0.000236612238831846,0.0133860213566826
"SMAD7",714.555411738955,-0.207295414379278,0.0664106510915221,-3.12141819078989,0.00179982247580262,0.0412604326489596
"CCDC115",935.510401111114,-0.161715222470925,0.0517024146402132,-3.12780792920928,0.00176115229510303,0.0408854456092437
"LEO1",966.547658877554,0.28654501257155,0.0772984705406711,3.70699459597694,0.000209733416468037,0.0128920423997218
"ABAT",1549.76636406136,-0.552502637058541,0.164754664754132,-3.35348706443642,0.000798001437831706,0.0263921932818561
"THUMPD3",1194.9755625236,0.159710003867244,0.0481512416901361,3.31684081783422,0.000910414713131395,0.0286309108531167
"SIX4",572.407980702038,0.34434588194543,0.108870065882727,3.16290689413519,0.00156202279441847,0.0388674972456149
"C15orf23",397.024764331497,0.396408357623555,0.082234312305883,4.82047391785869,1.43217581402349e-06,0.000523659173333088
"FER1L4",80.1237319249115,0.984469078438632,0.197441976771035,4.98611842597322,6.16043925322769e-07,0.000311884084193216
"ERGIC3",4974.85642357641,0.205599525269804,0.065396013567623,3.1439152641499,0.00166703703571282,0.0399014446020272
"PDF",173.311992918907,0.275653823358581,0.079803216622485,3.45416933082512,0.000551990672811231,0.0214883002311431
"CALM1",6954.3210931656,0.269379467103769,0.0515035411231652,5.23030962977044,1.69226362530788e-07,0.000139220413124548
"DLGAP5",391.778754971318,0.413341227766508,0.133425079247964,3.09792754178046,0.00194879069891014,0.0429680602508446
"OIP5",89.6207364382871,0.389771973895016,0.113743804314748,3.42675345038094,0.000610843413833226,0.0223970246693224
"DNAJA4",1828.32980136397,0.361527128776675,0.10693452335233,3.38082704671072,0.000722680155835579,0.0246441422053465
"C8orf30A",995.173194444287,0.324425948085368,0.0977598023655717,3.31860274095258,0.000904690344781665,0.0286260553085602
"CISD3",1088.10268588409,0.467231365416471,0.113246105877013,4.12580513738718,3.69439985819474e-05,0.00451670556510036
"ZNF582",54.9093719973459,-0.379160583022099,0.109517377825544,-3.46210428472899,0.000535969436204116,0.0213140957364193
"RAD54B",222.872599108145,0.415292625013437,0.112526299553121,3.69062722814755,0.000223701765320434,0.0131832447545572
"EIF2AK1",5467.46646734669,0.145153187425061,0.0440934569104858,3.29194392083472,0.000994974498061827,0.0303704995973355
"TDG",571.967337081538,0.218477440900229,0.0633703529561247,3.44762859458105,0.000565531119819286,0.0215146997982118
"SMS",2507.36052897375,0.241740317641076,0.0753949278291221,3.20632069824332,0.00134444061588736,0.0361466796241106
"C14orf139",99.7089747867841,-0.390958622926174,0.122652549978856,-3.18752951319456,0.00143493813084174,0.0373282423246439
"PIGU",705.364239987811,0.226735627869891,0.0608044163325967,3.72893354702494,0.00019229184884659,0.012110706250563
"ALPL",331.341198548117,-0.566040798469889,0.150567673144929,-3.75937800357085,0.000170336312843772,0.0112633747453315
"DDHD2",1491.74361721047,0.397951427402032,0.118407202351494,3.36087180086146,0.000776968795722691,0.0259094103959138
"OGFRL1",592.755756591428,-0.45432613826887,0.124867253934658,-3.63847305000087,0.000274259321205893,0.0147352141110192
"ZFAND1",698.778954765339,0.287798779418391,0.0782005033316471,3.68026760899276,0.000232989311002066,0.0133340795683487
"NFKBIL2",411.274636877667,0.507999940836875,0.121365233760342,4.18571221013768,2.84273339705522e-05,0.00393883154794082
"NFS1",673.971340283225,0.332790833856517,0.067181976375765,4.9535731428194,7.2862951670888e-07,0.0003196983442813
"SRD5A3",1021.50364096528,0.382224087924108,0.0926583297487948,4.12509149431413,3.70587404870348e-05,0.00451670556510036
"FAM49B",1811.77567873667,0.335015407363154,0.0795703592910435,4.21030406734463,2.5502721537439e-05,0.00364882960431859
"ZFP36L2",4007.91312935791,-0.38015411832191,0.0950824915123143,-3.99815057720354,6.38393362393612e-05,0.0066166707316434
"PSMB5",2235.78369705871,0.242701661016046,0.0635603550987952,3.81844407003079,0.000134296022722482,0.00987563434131858
"PSMB3",2438.24138571035,0.473121724204146,0.107130693370118,4.41630413582402,1.00402792473002e-05,0.00191536515553931
"C9orf140",538.644087528754,0.540814656293484,0.134756155493623,4.01328350688274,5.98799219084216e-05,0.00640812530146791
"N4BP3",772.674500774489,0.375452441805225,0.12351816473323,3.03965366240758,0.00236850343776432,0.048637458270346
"MFGE8",2719.80006994034,-0.456009636410061,0.141974422312596,-3.21191401227208,0.00131853833815043,0.0357854023609776
"OGDH",2568.73796184211,0.162647662392519,0.0518588506118501,3.13635301348837,0.00171063160942883,0.0405712502250662
"SMC1A",3401.45534529536,0.258275422455537,0.0639029134635261,4.04168461901119,5.30685757626662e-05,0.0059198445996947
"ALPK1",514.489227311605,-0.357180343444131,0.0745692676686347,-4.78991352082659,1.66853207331168e-06,0.000558797511057002
"BRF2",547.800274498667,0.589538636895113,0.125861845954764,4.68401390765394,2.81310908153536e-06,0.000861138484656976
"FAM91A1",1892.87665471401,0.298341541120624,0.0788074589326711,3.78570182519793,0.000153275374899972,0.0106187566305702
"CDK12",2270.52549870078,0.540750888169554,0.112761256897819,4.79553796264941,1.62238840018317e-06,0.000558797511057002
"GPR126",448.814696970131,0.709975522596259,0.200058482232768,3.54883989257801,0.000386932270161305,0.0179971359439338
"STS",622.436803237163,0.373016083673781,0.111155510013892,3.35580380700123,0.00079134685774861,0.0262380319610704
"FGFR1",2823.08557697,0.415498523754942,0.133569184955606,3.11073638648795,0.00186621458829019,0.041611131803607
"DAAM1",854.289713448113,0.27900596782277,0.0857882460788311,3.25226334113872,0.00114489893527234,0.0325492541792436
"TTC22",53.456681885577,-0.652760679100419,0.192408781983239,-3.3925721704183,0.000692396894310645,0.024047547017971
"NDUFS1",1558.68141825346,0.216409722818093,0.0621242618485631,3.48349769282769,0.000494907386904648,0.0209838807719026
"C15orf63",899.176052600759,0.31064488469885,0.0873387980061656,3.55677993961997,0.00037542838858913,0.0175863483238388
"ERBB2",15561.1011838648,1.05064460823789,0.177074254448522,5.93335610255711,2.96804136138933e-09,5.58118977713825e-06
"VPS41",1264.69691213193,0.188065105848339,0.054441120197886,3.4544679676823,0.000551379711514858,0.0214883002311431
"DCAF13",1616.9305145297,0.283197659031535,0.0882817536960133,3.20788438352379,0.00133715241362022,0.0360674943042684
"EBAG9",749.06891815653,0.230530034468007,0.075738300675996,3.04377088488162,0.00233632998203851,0.0482817043718919
"COQ9",797.353129690656,0.216732410390751,0.0699353283828268,3.09904043353246,0.00194148521951261,0.0428788086316182
"FAM198A",286.414372669684,-0.540662757205049,0.159737593581363,-3.38469326526857,0.000712578349969332,0.0243627761575229
"CHMP2B",1232.94910097602,0.173771509280045,0.0491059970733975,3.53870239148821,0.000402098905809611,0.0184360322060345
"TPX2",1676.6281339895,0.434079999319702,0.125488053802042,3.45913404637278,0.000541915132586362,0.0214763900412896
"APP",24895.9161847586,-0.316754999154618,0.0930798902047858,-3.40304440043626,0.000666394502346421,0.023453879236326
"CLTC",20025.0233035761,0.639347820555206,0.101675414502323,6.28812603011909,3.21321015202595e-10,1.40984950770392e-06
"RECQL4",480.664177753968,0.434783258829306,0.134802384940501,3.22533803108313,0.00125824009197574,0.0346752549312988
"SAA2",176.448905293728,-1.00045430019454,0.256713047021505,-3.8971696678538,9.73234377565607e-05,0.00821197699480519
"CPNE3",5269.29404715737,0.282190224102746,0.0833026640259305,3.38752940740174,0.000705251562356508,0.0242488894819878
"CPNE1",2424.45558467229,0.416779478273873,0.0985874922056622,4.22750867224043,2.3629307042086e-05,0.0034743211794684
"TNFRSF11B",176.342020525369,-1.15114770705863,0.203281127318983,-5.66283610407317,1.48891357029333e-08,1.95985693257712e-05
"DNMT3B",171.604512560059,0.623691331367751,0.133594694017457,4.66853370154245,3.03357020943021e-06,0.000868062710146301
"C3orf18",163.414987106092,-0.361577069615009,0.112097385691092,-3.22556201811352,0.00125725593229061,0.0346752549312988
"LARP1",5218.62720968541,0.165773388096779,0.0462648356011834,3.58314010938664,0.00033948839195161,0.0167995703130039
"HSD17B7P2",51.6176510231681,-0.468070698175378,0.112571892277485,-4.15797130798514,3.21086339902813e-05,0.00422645949214072
"CDKN1A",2123.16100112117,0.38505864593395,0.117759394721927,3.2698762323228,0.00107594549733521,0.0316131039763916
"TK1",1243.8055495524,0.450712336920197,0.128500921839545,3.50746384125544,0.000452399831163653,0.0197711188347449
"MORC4",774.56332546537,0.327866672623019,0.0776032784686828,4.22490749221802,2.3903895038242e-05,0.0034743211794684
"FTSJD2",1261.82904461994,0.160623240195224,0.0509057569749203,3.15530599563343,0.00160329854779326,0.0392802294152246
"E2F1",422.759334955084,0.411468720856317,0.12969521368854,3.17258215746071,0.00151089803389555,0.0382596101583917
"SKA3",218.289785788506,0.486847630613112,0.128450034202227,3.79017128050458,0.000150543440531021,0.0105968091321381
"ZNF334",94.3532646461355,-0.77373017195054,0.194921273459428,-3.969449605056,7.20388402533423e-05,0.0070764720466772
"GATA2",375.279839803345,0.61040306604469,0.182897935378239,3.33739724717152,0.000845669845043578,0.0273667883790532
"SRXN1",1419.40279142325,0.310187098725381,0.0824627449484283,3.76154224455384,0.000168868892437772,0.0112633747453315
"GPR161",120.673577725479,-0.463185310622753,0.13098982383461,-3.53604041186878,0.000406172554869712,0.0184360322060345
"COX7A2",1635.72011252269,0.224268661169577,0.0734507072379234,3.05332201149704,0.00226322936231616,0.0473623022196623
"MGP",38733.1512442854,-0.72308040958438,0.192464423167865,-3.756956208752,0.000171992579488843,0.0112633747453315
"NUDCD1",742.121714168875,0.362924861754998,0.0829936725146621,4.37292206452102,1.22594497875822e-05,0.00215161516738592
"TMEM63B",1580.48367337394,0.248516488697389,0.0704358698113587,3.52826605766304,0.000418291500520492,0.018791709970482
"CLIC6",2020.48650819495,-0.936358174154957,0.292948589529353,-3.19632252081942,0.00139191428590767,0.0368498645908663
"AURKA",606.550936519938,0.543757318557767,0.134001414553732,4.05784760085299,4.9527068776994e-05,0.00557200689155189
"KIF23",601.751928753533,0.367006400797516,0.11202126914177,3.27622069995517,0.00105206313330818,0.0311197910645743
"MRPS28",359.548403519699,0.295742280157811,0.090819196367057,3.25638512548088,0.00112840580792163,0.0323374609602229
"MRPS23",997.006809219471,0.291697945349404,0.0813118156644003,3.58739923547316,0.000333992738109342,0.0166894753514748
"MAD2L1",460.69620092929,0.356003472537435,0.108209890201917,3.28993469888142,0.00100210636019088,0.0303933779244067
"ACACA",2942.14568387406,0.326075753079175,0.102602140403668,3.17805994881095,0.00148264091652543,0.0377485539346698
"SERPINB5",413.465662886576,-1.21654872241312,0.268422558580145,-4.53221491087861,5.8368421456451e-06,0.00130829031575395
"CX3CR1",271.82377219643,-0.584255005133086,0.174776969789905,-3.3428603656157,0.000829196129634119,0.0271280578011254
"STC2",11449.480804924,-0.742027194531031,0.230313633131148,-3.22181185908563,0.0012738275082727,0.035004992675143
"SLC16A4",243.419394230453,-0.435024084428311,0.142867034931668,-3.04495774435564,0.00232713003163915,0.0482393899314428
"PLCXD1",313.32591947492,0.457602181479682,0.109554185472499,4.17694841603796,2.95445992779152e-05,0.00400923258036287
"RRAGD",310.454645560177,0.403992755981754,0.129606269988653,3.11707725264467,0.00182653701864926,0.0414529427180694
"LOC729082",517.344610613896,0.188368476854476,0.0594099755416277,3.17065400443548,0.00152096185845116,0.0382799635617451
"MX1",4275.52962862561,0.560116937557913,0.179170835526463,3.12616133039792,0.00177104364190465,0.0409096908893102
"CHL1",155.90536930676,-0.714887155082956,0.181407780982152,-3.9407744872492,8.12189545670197e-05,0.0075015298090498
"ERLIN2",2823.03914654268,0.367391623211417,0.113405673574883,3.2396229538624,0.00119687851689925,0.0334469426780417
"KRT15",3605.95967755089,-0.939992916158185,0.270199058953898,-3.47889041433919,0.000503494435356304,0.0209838807719026
"CDC6",702.88562051559,0.818561409891399,0.165122256914867,4.95730512158292,7.14776777753219e-07,0.0003196983442813
"FAIM2",165.772383921614,0.726408757037679,0.236181902940994,3.07563258654563,0.00210056512680229,0.0445963528453202
"TH1L",2388.70025468112,0.242632908464605,0.0784766225829098,3.09178581440946,0.00198956347120574,0.0434521278597923
"CPSF2",1630.66936534231,0.179927646903369,0.053526337972936,3.36147873583925,0.00077526325725477,0.0259094103959138
"PLA2G4A",93.4831384168398,-0.650887383671384,0.161505312201931,-4.03012987497017,5.57460433388386e-05,0.0061506992374001
"KIAA1429",3109.94257829908,0.273993077486072,0.0830389671693224,3.29957231919059,0.000968322744320915,0.0297804492605051
"SLC25A12",536.271907424202,-0.320418357998295,0.0669436479352853,-4.7863892674036,1.69808557640964e-06,0.000558797511057002
"EAF1",1202.65056535948,0.212450609601141,0.0651303477515214,3.26192960632824,0.00110656618523878,0.0320831072605686
"EAF2",91.7371682435918,0.597215405608893,0.138294186841973,4.318441861127,1.57134601757248e-05,0.00258545345366333
"FIG4",700.510429705241,0.29968734591856,0.0899657568167056,3.3311268256114,0.000864951852871113,0.0277722571237617
"CLDN1",696.002197712921,-0.641689334158409,0.194956664713987,-3.29144599954972,0.000996737508626373,0.0303704995973355
"LY75",575.696826005712,-0.584282047696416,0.139146175856004,-4.19905214140461,2.68034601148871e-05,0.00378873796419553
"ZBTB10",749.904801826513,0.437438124812756,0.122057351851623,3.58387363134439,0.000338535919695108,0.0167995703130039
"RCOR1",1297.11948801323,0.223151741467702,0.0717219671138589,3.11134441019232,0.00186237587791793,0.041611131803607
"TMEM150C",1151.80580100289,0.879954437327573,0.242287792471972,3.63185626625975,0.000281389844140364,0.0149956863093911
"C13orf33",165.835634243349,-0.436553141556498,0.138984139719663,-3.14102848308479,0.00168355658248913,0.0401461146654066
"ZNF469",561.339167138996,-0.445468440086702,0.130526804846764,-3.41285026175025,0.000642872547234203,0.0229949221175104
"AZIN1",6305.64601321813,0.305538364849073,0.0788964547717645,3.87265011758703,0.000107658324610426,0.00858985696380164
"CMTM7",391.304220977231,-0.489806290352689,0.137638427988798,-3.55864490396935,0.000372773112294838,0.0175628178427753
"POC1A",247.351189015341,0.310585657137932,0.0903734319134382,3.436692073788,0.000588864660213902,0.0220841012860533
"C1RL",968.45711966357,-0.263002157742985,0.0821246609117202,-3.20247480870209,0.00136252216592146,0.0362320793333822
"CPB1",19336.9354996248,-1.80215925637658,0.447712063488269,-4.02526401083628,5.69114288393792e-05,0.00619111684142767
"ZNF397OS",335.951335207203,-0.22330597508412,0.0649772042213781,-3.43668179879383,0.000588886997751629,0.0220841012860533
"FRS2",1956.38993345939,0.461511171483142,0.121492033645365,3.79869492373708,0.000145460006320273,0.0103496760172635
"GLDN",66.3465213181713,0.54328742143492,0.176105906902828,3.08500396715651,0.00203549438112249,0.0440677837807818
"B4GALT1",7024.34198049599,-0.351905683890549,0.0907986568760683,-3.87567058806681,0.000106331454804117,0.00858985696380164
"ROMO1",711.189911803599,0.328445637098722,0.0918857181011584,3.57450149910273,0.000350895802476403,0.0171704143048212
"SGOL1",107.649640357049,0.452733822745304,0.140055633769847,3.2325284642907,0.00122699911197254,0.0340738171115918
"SGOL2",304.144651209305,0.285641811005887,0.0875117819235673,3.26403833549369,0.00109836302896765,0.031986178208631
"SLC35B1",1098.86532066671,0.250649442935222,0.0785147665075506,3.19238601965551,0.00141102621244874,0.0369986813435513
"H6PD",2101.82426260269,-0.217412862863428,0.0641826558128697,-3.38740832877522,0.00070556291663005,0.0242488894819878
"G6PD",1632.1174868918,0.523599124124868,0.114110509008255,4.58852675950282,4.46385093934465e-06,0.00110863528140743
"CIC",1530.88222842447,-0.17176998590945,0.0538806476145062,-3.18797181389491,0.00143274501883262,0.0373282423246439
"TMEM26",371.91051153483,-0.627418932270881,0.20415241423436,-3.07328686081873,0.00211714864629141,0.0448760509358034
"TATDN1",524.381923744565,0.312305245683477,0.0856414152096288,3.64666143032588,0.00026566960011388,0.0144409431133903
"LRP11",1426.44097843257,0.317682239053574,0.0836946355734615,3.79572999962147,0.000147209644549796,0.0104178524258547
"C13orf18",106.8164056159,-0.473858604867422,0.128030876116706,-3.70112756578717,0.000214643527230941,0.0129011541047529
"ACLY",4895.02422793379,0.240340038633499,0.0678044149793555,3.54460751127601,0.000393198111367719,0.0181602341752045
"SLC7A5",2305.17959514308,0.5432357380381,0.159857492422595,3.39825009016167,0.000678183928675863,0.0237418485456393
"ANAPC7",1242.8713137553,0.156313148042665,0.0496394372581897,3.14897099315677,0.00163846457673047,0.0395002000430462
"PSMD12",1361.95470712378,0.364138054424651,0.0867630420503162,4.19692585482973,2.70562461926901e-05,0.00378873796419553
"METTL2B",347.246894612422,0.196496313776877,0.0583782615411113,3.36591581505899,0.00076289987532369,0.0256829950355134
"VAPB",1592.72899485064,0.229628266370547,0.0746232578266199,3.07716753540923,0.00208977811114873,0.0444508419731115
"ARF6",4333.47529730207,0.230690463688909,0.0588955364121514,3.91694307824171,8.967891294993e-05,0.0078175068288737
"PQLC3",840.827296349173,0.298217915673735,0.0967096052796485,3.08364318943707,0.00204482680713817,0.0441246807579668
"RAB11FIP1",5630.29734117791,0.545007223710734,0.147906866781772,3.68480000671546,0.000228882289161168,0.0132721478952796
"ACTR10",1097.76810939987,0.144249586629178,0.0453486722638836,3.18089989029428,0.00146818354889046,0.0376731951158921
"FAR2",257.559116273827,0.748089156087855,0.164183755604016,4.55641396029532,5.20343391604872e-06,0.00124532364794453
"NQO1",4250.92024829256,0.681349046989211,0.147553905245061,4.61762801775807,3.88151229384505e-06,0.000985044428001239
"PAK2",3633.39592986584,0.16355053917436,0.0528428426143435,3.09503673691405,0.00196788521276225,0.0432948580511971
"LOC401093",69.2773093358465,-0.397353184885335,0.113204330648164,-3.51005286290944,0.000448017615028096,0.0196575195553828
"COX11",797.561359488079,0.281414956709179,0.0798547107812325,3.52408710714807,0.00042494452621675,0.0189611688087833
"MCTP2",92.2313995512292,-0.520017815721513,0.166304862709861,-3.12689483186519,0.00176663110616894,0.0409096908893102
"SH3RF3",154.565088233958,-0.342712190666597,0.110081831460162,-3.11324935387384,0.00185039607977066,0.0414936347496102
"GLB1",1685.37080078005,0.184252674465874,0.0588599117632309,3.13035933874734,0.00174592590546159,0.0407900582894908
"PPP1CA",3632.53521321479,0.24470072181829,0.0742636310987964,3.29502770330141,0.000984119774375046,0.0301957309792511
"KLHL12",1489.7484955513,0.208748452034719,0.0642272124422125,3.25015587781483,0.00115341767783251,0.032720769166615
"SMARCA2",3279.66501089539,-0.208122883697815,0.0666368862802213,-3.12323842417572,0.00178872782778873,0.0411626300650053
"CCT6A",4951.55368362522,0.178902309716244,0.0574479161162819,3.11416534855891,0.0018446608215259,0.0414878204753826
"SETD1A",908.860326376485,-0.164034728895013,0.0471216998849931,-3.4810868303852,0.000499383573451462,0.0209838807719026
"EIF4EBP1",970.83684978571,0.494004578327176,0.136496850610025,3.61916466291636,0.00029555553618004,0.0153770653072643
"BAG4",340.11019525128,0.39359476790858,0.118699874819042,3.31588191233237,0.000913544219274407,0.0286309108531167
"G2E3",513.939354202981,0.229012765283393,0.0609433927824784,3.75779481297988,0.000171417350719026,0.0112633747453315
"RILPL2",393.664839507374,-0.341523743607248,0.0834755582889651,-4.09130229983014,4.2895753868453e-05,0.00504140007295042
"TMPO",1856.84543149996,0.25664631012207,0.0797581221942146,3.21780783024361,0.00129174331768649,0.0352763844205545
"LYPD6",367.681711777384,-0.591503585901894,0.186510989752729,-3.17141411713108,0.00151698716723351,0.0382596101583917
"KANK4",317.299181909918,-0.56727190442185,0.186008237868704,-3.04971387784591,0.0022905947282318,0.0476664633004545
"KIAA0664P3",48.1479977557975,-0.343326574017319,0.108687531907096,-3.15884046673162,0.00158398172101417,0.0390448527972089
"HSP90AB1",37161.952946966,0.269361392502658,0.0644013692555629,4.1825413902887,2.88268515477195e-05,0.00395258173877741
"UBR5",4703.87918868348,0.242444863201695,0.0797361896547871,3.04058752056431,0.00236117056834484,0.0486106205434809
"MBTPS2",811.627167844998,0.266429627432468,0.0684492675842252,3.8923663734551,9.92711794501727e-05,0.00827029452596597
"TRIM45",308.019536276579,-0.404856936652825,0.104706513431829,-3.86658788821588,0.000110368700488934,0.00869930062596309
"GRB7",1042.42801458392,1.00401310400247,0.171710121076631,5.84713992225534,5.00096829161871e-09,7.31419395806413e-06
"COL27A1",207.899916328054,-0.740371824405008,0.163313370760601,-4.53344279746886,5.8029986714475e-06,0.00130829031575395
"MAPK14",1501.50400735901,0.138645254884922,0.0433903093016792,3.19530459948938,0.00139683333286894,0.0368498645908663
"MAPK12",129.773111090039,0.496799115101256,0.130499263842997,3.8069112458669,0.00014071321528177,0.0101739431525995
"SPAG16",348.90793728647,0.524198298678646,0.1599635321789,3.27698627017308,0.00104921471282275,0.0311054352812744
"CKMT1B",649.900196476694,0.977541409257784,0.19333686703415,5.05615625334985,4.2779087545546e-07,0.000244826577983488
"ESCO2",161.92414619124,0.426495772939517,0.127799362816738,3.33722925951597,0.000846181179843095,0.0273667883790532
"ADRM1",1779.1064940683,0.271010606669074,0.085054564623588,3.18631466598461,0.00144097778409927,0.0373377767167297
"BUB1B",464.774025643832,0.456389193674041,0.119851633705329,3.80795137758517,0.000140122815104064,0.0101739431525995
"CTTNBP2",87.7004294093808,0.651768339920332,0.195103438609876,3.34062969143047,0.000835886304294486,0.027208999261477
"EEF2K",1527.25821416279,-0.240177494042803,0.0703531085776892,-3.41388602292649,0.000640433615920242,0.0229949221175104
"STK3",777.864427281044,0.240418753877361,0.0738207151520871,3.25679253285538,0.00112678757151615,0.0323374609602229
"CXCL13",543.401951086426,-0.83578682758896,0.271588212556187,-3.07740464772951,0.00208811631709066,0.0444508419731115
"APOC1",1302.58133793557,0.462865234709182,0.141205769023911,3.27794847128947,0.00104564481730164,0.0310695772689424
"STIP1",4173.44484339694,0.254865475007871,0.07446526200571,3.42260898764216,0.000620232275354439,0.0224288940672815
"RPAP1",595.722851746754,0.177319158342657,0.0538303156895508,3.29403898289003,0.000987588008850215,0.0302316766523148
"GLA",908.789650091285,-0.369299529134626,0.117211542218648,-3.1507095815336,0.00162874354616269,0.0394102045921682
"EPS8",1223.87082360197,0.306205083431281,0.087929060654687,3.4824104926334,0.000496921312059294,0.0209838807719026
"LACTB2",313.871859483796,0.382321560670019,0.0953449667072861,4.00987670218362,6.07504620315514e-05,0.00644885751388154
"IDI1",1482.66621165228,0.380746030070327,0.089040073478674,4.27611989967101,1.90178825131343e-05,0.00305283399415106
"RUNX1",4213.94476909537,-0.331058091568091,0.0832244284283945,-3.97789564698459,6.9527871244331e-05,0.0069332982514328
"EXOSC4",490.070090449662,0.339837372074984,0.107404950346768,3.16407550096884,0.00155576430743956,0.0388586823127645
"KPNA2",3626.134065502,0.439008324861701,0.111891148186975,3.92353043091576,8.7260737407256e-05,0.00781369446593001
"INCENP",469.248493392551,0.306063518180353,0.087770263076815,3.48709810647931,0.000488292200576588,0.020936124547849
"STXBP4",212.4941561313,0.30334157684949,0.0987842089476156,3.07074966820203,0.00213522087223362,0.0450415261878383
"ENY2",829.645408592806,0.295094264098147,0.0805214213119939,3.66479204278765,0.000247539635242914,0.0136906059609348
"RPN2",10787.840371803,0.249650329635606,0.0712110196827664,3.50578226161847,0.000455267490849389,0.0197778415249192
"MYST1",655.290717233183,-0.229127369756848,0.0703738436278628,-3.25585981872008,0.00113049551599695,0.0323374609602229
"CDK1",1015.80297763563,0.554989736090737,0.124407800816416,4.46105254211283,8.15580892386332e-06,0.00160231213231064
"LPAR1",402.556814778012,-0.31402359922866,0.101923705318901,-3.0809672612091,0.0020632933395104,0.0443052695399273
"HAPLN3",469.897549678371,-0.788004504578979,0.183335526484054,-4.29815497133075,1.72225735100758e-05,0.00279877450756948
"ZFHX3",1032.29611461196,0.271012446429034,0.0848164929636117,3.19528003292125,0.00139695224727207,0.0368498645908663
"HSPD1",8636.05532052194,0.260382326686922,0.0688613510885205,3.78125497933091,0.000156039752575479,0.0106976628289116
"PRKCA",172.645015005164,-0.518448949816032,0.134533714552412,-3.8536730479857,0.000116358955410491,0.00900960547098996
"SLC25A13",607.302540428835,0.280244335306239,0.0756194789129294,3.70598077816591,0.000210574269994696,0.0128920423997218
"SORBS1",1091.01491903767,-0.37008719311691,0.119705847668236,-3.09163838129784,0.00199055178146735,0.0434521278597923
"CTSA",3097.89715426428,0.312175352833235,0.0692677101272848,4.50679475703164,6.58142378995903e-06,0.00136873275306074
"FGFR4",376.980822962689,1.08126525007243,0.232956323502144,4.64149345172198,3.45899985622762e-06,0.000948558648073419
"FGFR2",973.482587542506,-0.534600356749076,0.157535890587748,-3.39351467627184,0.000690018610047052,0.024028346465739
"SYP",93.9892841132365,1.27128603989347,0.190701129476533,6.66637918392563,2.62191330998773e-11,1.72561224496842e-07
"SORBS2",1013.7149656433,-0.539585891658002,0.160051964263133,-3.37131689787259,0.000748097496789672,0.0253794003872228
"KIAA0196",2642.06647384312,0.296227244855905,0.0895554307026615,3.30775300315877,0.000940477175525903,0.0292659599561406
"ABCA12",685.647846462031,0.816880465465565,0.268379790918857,3.04374805073361,0.00233650730721683,0.0482817043718919
"UBE2C",765.618497724834,0.49190823802054,0.149831694822485,3.28307197354562,0.00102682445879447,0.0306487309549015
"UBE2Z",3472.57341954464,0.216563874493733,0.0687303292060347,3.15092153632109,0.0016275620727596,0.0394102045921682
"UBE2T",465.903605667385,0.372708995155727,0.121123923077142,3.07708820592241,0.00209033436005136,0.0444508419731115
"ADAMTS9",348.606063919341,-0.516433253253466,0.13081131807795,-3.94792484963516,7.88315404415406e-05,0.00746517673979855
"BIRC5",458.278830296153,0.490801882656743,0.155312338297951,3.16009589473304,0.00157717220208997,0.0389499393923269
"BIRC3",472.500462465757,-0.497889790829637,0.151638825484777,-3.28339255621325,0.00102565733571642,0.0306487309549015
"EIF6",2440.88517634061,0.232450173434457,0.066286448371849,3.50675257377608,0.000453610718536272,0.0197711188347449
"NSF",1919.74547922414,0.280956610145754,0.0765996965067008,3.66785539576095,0.00024459344161105,0.0136423028471452
"OTUD6B",369.384993028615,0.2908749202061,0.0930477525792956,3.12608216902622,0.00177152045938668,0.0409096908893102
"ZNF217",3467.57814254514,0.297994861856503,0.0925333148886197,3.22040620953862,0.00128009071618385,0.0351038210356835
"HLA-F",1241.12871601952,-0.436932153919511,0.136927413042559,-3.19097647586249,0.0014179282467485,0.0370321220475207
"DLX3",106.521326139095,0.5992915692629,0.190485134661722,3.14613300574434,0.00165444749053155,0.0398126002154787
"ADIPOR1",4406.4648545408,0.23961437551538,0.0662958138044225,3.61432135401882,0.000301135369378114,0.0155353358918096
"IPO4",1517.64960949777,0.241462235080212,0.070011721704664,3.44888297560787,0.000562910599466967,0.0214883002311431
"GABPB1",562.616651944764,0.203478812478305,0.0579057392016132,3.51396623691899,0.000441468921690374,0.0194844584051783
"MARK3",1202.64888459056,0.146943842309006,0.0475463786129202,3.09053699978479,0.00199794910400999,0.0435329335997506
"FADS1",829.495010918669,0.576743379467836,0.146383033698507,3.9399605602908,8.14950059024631e-05,0.0075015298090498
"FADS2",4619.49325078315,0.718519133094556,0.212282070135697,3.38473773425734,0.000712462926641102,0.0243627761575229
"CSE1L",3839.18985998223,0.274888630275978,0.0731999422053367,3.75531212176199,0.000173125590474251,0.0112814462743197
"ACAD10",545.40893267588,0.193470683593444,0.0620001357885116,3.1204880623712,0.00180551615937102,0.0412604326489596
"ANLN",1034.86799399766,0.546674476970997,0.142747118573063,3.82967083634119,0.00012831477889461,0.00965147105479861
"JPH1",235.726244364133,0.600407326208451,0.174655728522125,3.43766180066859,0.000586760048717927,0.0220841012860533
"NCAM1",75.3304914269618,-0.888823627874161,0.188166158643395,-4.72361042114179,2.31694064145769e-06,0.000726140230083513
"FXR1",2657.81397006669,0.167834555232973,0.0502137004089495,3.34240563563526,0.000830555898644193,0.0271280578011254
"CHCHD2",4287.48262807462,0.193229602002124,0.0619475215794716,3.11924669583806,0.00181314084483612,0.0412913026653597
"SLC39A8",1162.09889258493,-0.761156839689822,0.160795561693507,-4.73369309247893,2.20471020746497e-06,0.000707819523435644
"SLC39A4",491.918453445224,0.585085540793848,0.153583443696973,3.80956128284405,0.000139213598272513,0.0101739431525995
"C20orf4",1407.6814768498,0.202024650998564,0.0507003547965962,3.98467923565945,6.75713386535941e-05,0.00684185792844046
"FITM2",81.1265319680789,0.36189269157501,0.0934754161389534,3.87152800728962,0.000108155227290547,0.00858985696380164
"LOC283314",70.3248579892335,-0.360824980848871,0.110773631706738,-3.25731832828339,0.00112470226483002,0.0323374609602229
"C20orf117",679.216505844357,0.329218220891903,0.0923965074728995,3.56310243640394,0.000366497580085531,0.0174790132125574
"ZNF238",1704.25642396004,-0.603405044131167,0.191364794687659,-3.15316641765813,0.00161509703371411,0.0393694856569978
"HS6ST3",322.246395020582,1.12818233242891,0.251905524312388,4.47859305788725,7.51366146967287e-06,0.00149852008977733
"ZNF230",129.813825631146,-0.205428141846298,0.0629102082748474,-3.26541824418712,0.00109302553300476,0.03190131949211
"RANBP9",1586.16992818457,0.191163187222174,0.0608048462108802,3.14388077817336,0.0016672334977676,0.0399014446020272
"GDPD3",176.770702978089,0.864549557325429,0.235601707046676,3.66953859614501,0.000242988650587319,0.0136423028471452
"C17orf96",177.290898451106,0.648946417642571,0.164579633634864,3.94305421217744,8.04504605531488e-05,0.0075015298090498
"FGD6",882.534539860138,-0.320028291612001,0.104529183959659,-3.06161666521293,0.00220145183534978,0.0463643368139346
"YWHAB",9826.35699216312,0.168999162327663,0.0542722762783274,3.11391328900553,0.0018462373946984,0.0414878204753826
"ZDHHC24",332.170454897939,0.33128747394436,0.0922447379490232,3.59139698708275,0.000328910180787204,0.0166386747385632
"STAT5A",963.63757744035,-0.344423995851354,0.0934261990977158,-3.68658897801372,0.000227279998257626,0.013237551402943
"USP32",2030.20717981825,0.461869558785012,0.120927111161448,3.81940455162595,0.000133774210486036,0.00987563434131858
"LDLRAD3",1435.64047180308,-0.378029598865454,0.120806114286958,-3.12922571093959,0.00175267620387022,0.040832702427511
"POLR2K",1462.17258639742,0.288112575307984,0.0831563566813534,3.46470897482921,0.000530805557429684,0.021266977375981
"MCCC1",636.860948819132,0.304369707933733,0.0846982989554415,3.59357521564698,0.000326171435072888,0.0166386747385632
"NAV3",171.691936673123,-0.580651314667151,0.176595395707868,-3.28803201430965,0.00100890366015118,0.0304325619966227
"NAV2",1045.50683872595,-0.483655244567876,0.142120431261899,-3.40313662344998,0.000666169601163255,0.023453879236326
"C1orf9",2726.63832882156,0.255051273044956,0.0830331005987335,3.07168191005559,0.0021285642111399,0.0449731793117728
"C14orf2",1028.5681541633,0.245319532562233,0.0715219121731643,3.42999124475701,0.00060360072519241,0.022255451948761
"KIAA0406",802.563208761811,0.341872213349467,0.0663828481450238,5.15000821601679,2.60475048571183e-07,0.000171431653217124
"CORO1B",2165.43230149042,0.314815202543704,0.0856414051044228,3.6759696102586,0.000236947730464715,0.0133860213566826
"AP4E1",417.101551229635,0.241114575549954,0.0708311420380808,3.40407578661267,0.000663883310599202,0.023453879236326
"TDP2",981.683865822827,0.152879087917847,0.0488139756887875,3.13187126761657,0.00173696017595516,0.0407029393093085
"PIR",241.082387935794,0.654485613979853,0.124351449361269,5.26319248663057,1.4157521664318e-07,0.000124236971778279
"COG8",422.333185651127,0.164218290885496,0.0524969282400162,3.12815047262745,0.00175910098191484,0.0408854456092437
"COG4",1085.65408015246,0.236791163577886,0.0610749882841042,3.87705622596926,0.000105727931708801,0.00858985696380164
"C12orf48",165.686740924546,0.383256630446942,0.102861222263475,3.72595835450259,0.000194574530177349,0.0121961168605926
"UBD",1022.60600967127,-1.10320807392916,0.224822589576404,-4.90701613217673,9.24724297447268e-07,0.00036885290688783
"MYST2",1560.02287949138,0.266627837424786,0.0778880148715286,3.42322034865791,0.000618838907063594,0.0224288940672815
"MYST3",2471.13508725447,0.302980644013736,0.0934368636802352,3.24262429281244,0.00118434276355898,0.0333822351107643
"RBM24",214.655990331815,-0.83931064927535,0.254315257609998,-3.30027642526451,0.00096589639585458,0.0297804492605051
"PSMA3",1611.85103629769,0.247893449759796,0.0663716017220937,3.73493246099072,0.000187765571679795,0.0119593542361214
"SLC20A2",1405.37567000802,0.360849731253639,0.0935737190551434,3.856314945022,0.000115109165039219,0.00896557360598369
"MNAT1",312.206503809387,0.211569758902177,0.0678969380327548,3.11604271167738,0.00183295721737994,0.0414878204753826
"USP18",604.442961553852,0.434524097645068,0.121144465976853,3.58682581281174,0.000334727759081466,0.0166894753514748
"ARHGAP11A",498.458617539066,0.409380843908552,0.115943289452219,3.53087139275326,0.000414193083632268,0.0186713135611354
"RRM2",1216.40389460573,0.538865300635426,0.137638071313107,3.91508901203348,9.03708614999761e-05,0.00782599769686964
"TMEM183A",1642.66530447465,0.217606236145818,0.0624933961556704,3.48206769886155,0.000497557884637762,0.0209838807719026
"TLK2",840.453741639538,0.259778143290764,0.0730109998748743,3.55806856139445,0.000373591810071949,0.0175628178427753
"PI15",903.125761320451,-0.889840468007368,0.27477505066412,-3.23843255003196,0.00120188436425691,0.0334469426780417
"VDAC3",2395.88989161728,0.292779947319039,0.0879502176065804,3.32892806051606,0.000871809198658234,0.0279212274499716
"C17orf71",704.444974936341,0.339563314053896,0.0816221791603781,4.16018437080311,3.17990790031643e-05,0.00422645949214072
"SLC17A9",157.955071377031,0.630267004461467,0.181895267220391,3.4649994697103,0.000530232524875126,0.021266977375981
"PRR11",136.931840650995,0.605310115556632,0.161503822006696,3.74796155308038,0.000178277572824949,0.0115032729955628
"CCT2",4383.91201937076,0.44100893258536,0.0800202532518288,5.51121640664492,3.56362246640376e-08,4.26436022957025e-05
"CCT7",5019.29288913668,0.152630945961643,0.0502497273868894,3.0374482390021,0.00238590376766568,0.0488423814833334
"TRPC4AP",2460.43373433195,0.26276888054554,0.0505676106281875,5.19638711976371,2.03198890548981e-07,0.000141090197450125
"TAF4",615.021156766036,0.255753179288233,0.0660519368564421,3.87200120783876,0.000107945417206205,0.00858985696380164
"TOX",66.5416873832824,-0.605120206325676,0.171105114376037,-3.53654073130629,0.000405403982051312,0.0184360322060345
"HMOX1",1089.40061159759,0.370396681996362,0.119765609249605,3.09267981282018,0.00198358023829065,0.0434521278597923
"RAB1B",5812.91314667042,0.199527272220654,0.0630967960451825,3.16224094925163,0.00156559963116089,0.0388829961225865
"MAOA",603.648170335316,-0.644173917088986,0.202585860735593,-3.17975753465705,0.00147398327991338,0.0376731951158921
"FABP4",987.715384494312,-0.849547180201403,0.261808194816587,-3.24492203460844,0.00117482784763043,0.0332564708781921
"CENPM",164.105517555301,0.403966078283722,0.121110585301425,3.33551421024277,0.000851418022667411,0.0274686652754194
"ANUBL1",222.257283991722,-0.329905075328402,0.097287727819723,-3.3910245693036,0.000696318585347901,0.0241201093129853
"RCE1",398.858270181249,0.25356182808431,0.0790878810709724,3.20607689383873,0.00134558026405942,0.0361466796241106
"STOM",6758.40567274675,-0.346721381210724,0.0986885002553451,-3.51329060947955,0.000442593106673883,0.0194844584051783
"ABCB6",595.98756696722,0.430206710980095,0.0980865033080785,4.38599293960827,1.15457866259528e-05,0.00211079429663079
"ABCB9",225.439758472006,0.455628650295298,0.11385829448626,4.0017168037791,6.28845376235507e-05,0.00660004989828079
"ARFGEF1",3631.76637818672,0.297550119883397,0.0860594656467043,3.45749439236487,0.000545223589140885,0.0214763900412896
"CNN3",4518.06329406745,-0.414402418619654,0.0897538196754071,-4.61710064394286,3.89138572180084e-06,0.000985044428001239
"NCAPH",347.94137611259,0.428438734178784,0.122958253910393,3.48442435178864,0.000493196858304161,0.0209838807719026
"ITGA10",94.4249551598014,-0.546161469135622,0.152045971864268,-3.59208114782011,0.000328047657386094,0.0166386747385632
"OSBP2",206.404806626991,0.45596335954951,0.122164332965396,3.73237710616129,0.00018968124567436,0.0120037222923635
"HLA-DOB",78.5669824303852,-0.582803195054949,0.18936305315354,-3.07770277965681,0.00208602858918953,0.0444508419731115
"NFATC1",426.985168413741,-0.320117529179778,0.0955742988728441,-3.34941017569667,0.000809838094573693,0.026716538443292
"PLEKHF2",2457.5731603673,0.330076370316205,0.104268597048872,3.16563548046487,0.00154744580386683,0.0387243899549413
"DYNC1H1",10586.9104638647,0.179363229406814,0.0538990455899802,3.32776262443055,0.000875464280470467,0.0279702337957106
"VPS33A",623.896847121104,0.211394731051332,0.0509544181189586,4.14870268085112,3.34364736013025e-05,0.00435766635657371
"SERPINB8",226.964048635504,-0.309833179356321,0.0855805453210563,-3.62036930465889,0.000294182821409671,0.0153663828500615
"YWHAZ",27106.5380336679,0.32417648537397,0.0831640012679877,3.89803857956934,9.69749695672572e-05,0.00821197699480519
"PABPC1",36411.8029318306,0.291245253443618,0.0909140844286007,3.20352182254386,0.00135757750992589,0.0361736695610416
"MAPKAPK5",592.18409976355,0.169094454542132,0.0488017612920499,3.46492524173873,0.000530378892717291,0.021266977375981
"CTNNBL1",1023.26255996289,0.241500205436894,0.0631188560582653,3.8261182239102,0.000130179788247482,0.00973611677671364
"PTPRN2",532.138602098755,0.762128666497963,0.239999636417811,3.17554092111701,0.00149557426100493,0.038004332041714
"ARMCX2",939.013536494411,-0.386157622922802,0.108900572751639,-3.54596503182294,0.000391178111694512,0.0181305545219537
"MAPK8IP3",715.335678276106,-0.362351201569157,0.0972904268966633,-3.72442811823641,0.000195758478636507,0.0122121746648926
"ID4",387.736281480932,-0.615651546169178,0.196690446403809,-3.13005312370502,0.00174774693271084,0.0407900582894908
"FHIT",57.9141651023342,-0.458774591031978,0.134593394376185,-3.4085966340199,0.00065297953382054,0.0232289134312325
"WHSC1L1",2068.44588116597,0.567317723247879,0.115500273823547,4.91183011491891,9.02302164156543e-07,0.00036885290688783
"HSPA8",28997.2914818904,0.284057964118367,0.0697501926943784,4.07250436372287,4.65103285187438e-05,0.00532361264601934
"TUBD1",252.183101722501,0.460450286477363,0.0923459420174952,4.98614531854718,6.15958228661207e-07,0.000311884084193216
"CABYR",202.585212148428,-0.38480522134384,0.116604461688991,-3.30009002888927,0.000966538168900712,0.0297804492605051
"DCAKD",856.93725408011,-0.233919419254206,0.0759560488201798,-3.07966808289347,0.00207231400438633,0.0443548439917427
"C17orf37",1540.00053820249,0.818567444571131,0.149289619890413,5.48308345330374,4.17975719731577e-08,4.58484533235562e-05
"ESRP1",3800.39217302728,0.246297992795516,0.0780098551179833,3.15726766090017,0.00159255091171632,0.039109603826347
"RELB",383.423698333334,-0.386476361930924,0.0970593860219565,-3.98185459202778,6.837961070783e-05,0.00687084592173409
"COPS5",1665.76417366449,0.266352448290015,0.0745732635536718,3.57168823781349,0.000354687480793254,0.0172278646113712
"TKT",4459.51849150482,0.337293659846806,0.0920344606779924,3.66486267602436,0.000247471330107654,0.0136906059609348
"NUDT4",1151.45555920696,0.315236317219168,0.0847998562999463,3.71741570061326,0.000201271114244811,0.0124381768864059
"TFPI",431.848973379912,0.52742835754235,0.147540252799565,3.57480990803822,0.000350482446608135,0.0171704143048212
"FBXL20",260.193872457747,0.586801539389462,0.125969474249809,4.65828362691886,3.18856706489963e-06,0.000893002303729231
"ARID3A",88.7288942682144,0.289121931102639,0.0844586262057687,3.42323743696996,0.000618800002536396,0.0224288940672815
"CELSR3",331.415030998239,0.591646127253547,0.183795857936605,3.21903950336909,0.00128620764784534,0.0351982354856303
"NEK2",564.020489267252,0.382309172680124,0.12502732876154,3.05780485328362,0.0022296472304882,0.0468419703337122
"OSBPL8",2165.43454971931,-0.300265130212033,0.0954827687812457,-3.14470489329808,0.00166254444583704,0.0399014446020272
"SLC16A3",735.1786320462,0.418249602004094,0.132593711859158,3.15436981241133,0.00160845123868465,0.0392802294152246
"FLCN",575.226331131417,0.197713973980422,0.0633012228523007,3.1233831681537,0.00178784829109718,0.0411626300650053
"COIL",671.472941693172,0.240225207399654,0.0652698683723,3.68049167847875,0.000232784656541117,0.0133340795683487
"PPM1D",469.529965639583,0.441421520370348,0.100876678914528,4.37585302292079,1.20958501884744e-05,0.00215161516738592
"PPM1K",317.368362719347,0.620626501872773,0.156683519486335,3.96101966503822,7.46303855099046e-05,0.00722323356225643
"PAX6",50.4140414017435,-0.379877128671531,0.117196948798928,-3.24135681487132,0.00118962179288065,0.0333989209390889
"GINS2",428.576822043551,0.452597671260043,0.119473785833533,3.78825922441817,0.00015170651743231,0.0106000296996475
"PLD4",124.196356881917,-0.501555454202423,0.158116710292207,-3.1720584957499,0.00151362515499212,0.0382596101583917
"PTDSS1",2255.64496337017,0.288439163524385,0.08363605339467,3.44874192189904,0.000563204708633621,0.0214883002311431
"SUSD2",968.888273693011,0.572792940577484,0.16469478528926,3.47790574893714,0.000505347580695367,0.0209838807719026
"PLD6",176.6040165498,0.447880538824009,0.112135765899294,3.99409176217904,6.49427105779929e-05,0.00667649243429242
"GPNMB",5708.38773080119,0.44874148700013,0.114169413531668,3.93048779983142,8.47736953148509e-05,0.00764298733855742
"PSMA6",2905.45545405024,0.197300261450549,0.0600128592632296,3.28763308185578,0.00101033423934697,0.0304325619966227
"PSMA7",3109.22648928802,0.374340408218277,0.0770223732324131,4.86015157035884,1.17295914201693e-06,0.00044792681261858
"FBXO45",792.890627135751,0.266287016311511,0.0666998751744986,3.99231656153564,6.54309446192906e-05,0.00667649243429242
"CDC37L1",399.445153352141,-0.216427975885547,0.0566666675206361,-3.81931716395235,0.000133821607512224,0.00987563434131858
"TFRC",3643.77570501823,0.465132741887133,0.112646554227615,4.12913422053976,3.64131798607531e-05,0.00451670556510036
"SPAG4",69.88231119551,0.554584862210642,0.130441936543665,4.25158409101814,2.12263780511494e-05,0.00328936489324129
"PPP1CC",3304.03496477455,0.140755625226019,0.0444574310494335,3.16607644444208,0.00154510182484783,0.0387243899549413
"METTL2A",579.100366328808,0.35750160871898,0.0773872566971165,4.61964442179665,3.84398238701723e-06,0.000985044428001239
"CCNF",640.003415496487,0.303580825778229,0.0862489283766102,3.51982142262253,0.000431837442902647,0.0191933318777753
"ABHD11",1109.48897146633,0.293764019163567,0.0936183595606848,3.13788898397803,0.00170169315101672,0.0405052205186856
"MRPL11",682.320373682874,0.26717920784296,0.0840268707049742,3.17968770705563,0.00147433847789289,0.0376731951158921
"MRPL13",1153.29060871183,0.358065992150154,0.0955113951623863,3.74893478983716,0.000177587249569852,0.0115032729955628
"NFKB1",1488.68483647176,-0.248163378595899,0.065586238582224,-3.78377208329735,0.000154469286948476,0.010645440963889
"RAP2C",1474.30266088763,0.34047503331596,0.0981490129044287,3.46896034142996,0.00052247657379982,0.021266977375981
"DAPP1",284.321268432886,-0.43897757689977,0.133643744518902,-3.28468480496432,0.00102096517352438,0.0306126755788186
"HIVEP3",453.151700023498,-0.262769481335071,0.0722197871860117,-3.63846933885686,0.00027426327259741,0.0147352141110192
"LRRC59",4730.41687064501,0.312733911991653,0.0906187179545441,3.45109618686645,0.000558314552333771,0.0214883002311431
"PIP4K2B",2508.57230870183,0.296844379399361,0.0916178010185447,3.24002951499868,0.00119517327664473,0.0334469426780417
"ERRFI1",1580.17810276789,-0.431899660478736,0.11441457149684,-3.77486586567049,0.000160093783906744,0.0108067409105871
"HSPC157",213.090953110617,-0.209386507140926,0.0632918858662158,-3.30826778622967,0.000938749999081998,0.0292659599561406
"OSBPL2",1364.98834745948,0.248538074052228,0.065308016092805,3.80562890930643,0.000141444320969817,0.0101739431525995
"STARD3",1390.0165348328,0.706611945806688,0.141925754686625,4.97874362103551,6.39983506269309e-07,0.000312003810852701
"GPR137B",782.983614575419,0.330288822354671,0.0955782786173975,3.45568917051568,0.000548887882590313,0.0214883002311431
"PVT1",197.828391210683,0.397582125601617,0.118921793635412,3.34322341975867,0.000828111979783094,0.0271280578011254
"AHSA1",2068.54214229676,0.26793742908892,0.0657051999159173,4.07787251894521,4.54496735999639e-05,0.00524784257540636
"PPP1R3D",514.726683840523,0.26116181473888,0.0828772509913548,3.15118819235598,0.00162607680529958,0.0394102045921682
"TTC35",1024.46727649674,0.259291686239036,0.0755945966944014,3.43002936158583,0.000603515938850021,0.022255451948761
"ME1",441.812007301142,0.850487776795026,0.167438929773061,5.07939090358339,3.78646887775384e-07,0.000226551317444881
"DDTL",196.465708371953,0.299744797153509,0.0955448643083211,3.13721516403267,0.00170560909037124,0.0405251488385499
"ZNF83",959.594061020269,-0.24914930185608,0.0789793036195403,-3.15461507556821,0.0016070998548583,0.0392802294152246
"LMO3",102.576326747173,0.76872409548178,0.207665454554873,3.70174277242947,0.00021412364038384,0.0129011541047529
"PSMC1",604.523440414943,0.17333231490304,0.0564179497572366,3.07229021346716,0.00212423089376842,0.0449537801522084
"PSMC5",2957.06031878321,0.302698159673623,0.0867753658375445,3.48829597838073,0.000486109646401625,0.0209106577633483
"PSMC6",1342.7167592724,0.167540714095272,0.0526327979350152,3.18319984246575,0.00145657045100372,0.0376676558871552
"NOL11",1514.62833614054,0.336576133424026,0.0850474686447709,3.95750912740094,7.57353944012801e-05,0.0072766788065989
"ZNF542",389.872812460483,-0.378183845593212,0.108794980949843,-3.4761148197412,0.000508734428842246,0.0210134704752278
"CYP26B1",104.060540670989,-0.534524952353791,0.159052455508888,-3.36068343392487,0.000777498830539082,0.0259094103959138
"ZNF747",317.102419850847,-0.252447452343954,0.0684158459777991,-3.68989740221692,0.000224344513030525,0.0131832447545572
"C8orf59",788.665205189513,0.279009526912101,0.0877609094809368,3.17920049555442,0.00147681901388744,0.0376731951158921
"C8orf55",1320.48437602347,0.42124321448478,0.105294564313572,4.00061690962791,6.31775649307437e-05,0.00660004989828079
"C8orf51",121.344968667766,0.489060020668705,0.10724854872422,4.5600618981454,5.11385448789311e-06,0.00124532364794453
"KRT18",18990.714222999,0.363450504633902,0.116456427982111,3.12091407002223,0.00180290634669418,0.0412604326489596
"PROSC",1398.26930205623,0.349379426108349,0.0987804605075073,3.5369285009741,0.000404809238890633,0.0184360322060345
"FAM65C",117.67556485911,-0.594383414809836,0.19493050322256,-3.04920679413219,0.00229446482949016,0.0476664633004545
"ATP6V1C2",131.972625546742,0.894605537675201,0.17516134836809,5.10732273991889,3.26755381073056e-07,0.000204813384812602
"ATP6V1C1",2506.27133138346,0.337411811764871,0.083000603339111,4.06517300104827,4.79968458964544e-05,0.00544640071150888
"ZNF434",465.181407360441,-0.196700147837167,0.0564579685102649,-3.48401037138635,0.000493960346244825,0.0209838807719026
"UNC5A",182.077798791954,1.05882222519418,0.235939258327335,4.48768989400313,7.19996276588902e-06,0.00145804784442149
"FOS",4541.7781555411,-0.591971406330382,0.180815259001889,-3.27390182442621,0.00106073457751657,0.031235904348659
"TANK",903.901391822993,-0.215783200211101,0.0656197093095004,-3.28839006575515,0.00100762127793263,0.0304325619966227
"KRT5",2496.48293791414,-0.903185607605371,0.273539561256922,-3.30184637079627,0.000960506625966904,0.0297804492605051
"IL1B",99.1396430519893,-0.458306265435199,0.150744253639527,-3.04029012297306,0.00236350354385989,0.0486106205434809
"KRT6B",464.179814416968,-1.19625086189614,0.289160380618488,-4.13698052042076,3.51905971053332e-05,0.00447301969414662
"KRT8",28055.2552413691,0.411567650004583,0.118697754490251,3.46735834870732,0.000525600681761473,0.021266977375981
"C20orf24",1660.60440164653,0.315807538784147,0.0765490881394748,4.12555585520151,3.69840406146384e-05,0.00451670556510036
"FCGBP",1018.51589569474,-0.778932978584222,0.211249766192924,-3.68726078434028,0.000226681019150515,0.013237551402943
"SNRPA1",557.409762299917,0.277117959587824,0.0873813033874566,3.17136445492302,0.00151724656253745,0.0382596101583917
"SLC19A1",411.473661257911,0.329759840257415,0.0918440515928803,3.59043220043418,0.000330130097131537,0.0166386747385632
"SLC25A45",170.650091994137,-0.272895752436239,0.0797263936901572,-3.4229035054163,0.000619560668481817,0.0224288940672815
"FYTTD1",2098.58022872154,0.163922969291647,0.0474048880360021,3.45793389844427,0.000544334922655184,0.0214763900412896
"ALOX15B",565.178937554619,1.59174005029677,0.270222606857023,5.89047699898391,3.85082468650119e-09,6.33605066855189e-06
"PGAP3",1490.23847046251,0.735511209240962,0.146165984601664,5.03202719323105,4.85320403310226e-07,0.000266178019532188
"PPP1R10",1953.27227150309,0.179149807283357,0.0550805676957973,3.25250473584038,0.00114392689586833,0.0325492541792436
"C6orf129",318.879723949022,0.274066637608727,0.0879804739831719,3.11508480462549,0.0018389203202708,0.0414878204753826
"SCD",19665.2221625031,0.564833505561739,0.157352599077117,3.58960391423162,0.00033118079324649,0.0166386747385632
"LTF",15541.6459170095,-1.20985155521931,0.296149244804073,-4.08527651664189,4.40243562291929e-05,0.00512825310659174
"DHX40",2004.10307049942,0.357001427677867,0.089983020294462,3.96743103876275,7.26515246289831e-05,0.0070837927310467
"CDC25B",1290.30121906453,0.484492733070686,0.121855218968643,3.97597031273121,7.00928697698062e-05,0.00693708605097713
"L2HGDH",294.170330316032,0.267894357540678,0.0736939535495268,3.63522846363015,0.000277734394084778,0.0148610480867396
"CCDC47",4107.4215415017,0.350106822855617,0.0840364701079944,4.16612956738542,3.09814661995983e-05,0.00416131673046237
"HDHD1A",402.346131057486,0.218487281501616,0.0679414732409862,3.21581607049716,0.00130074169670587,0.0354485775439739
"C11orf80",414.388593854483,0.420031525770317,0.109302743527714,3.84282692468571,0.000121625241299881,0.00925406387994415
"UTP18",998.214201550525,0.38230517326121,0.081735983260562,4.67731784717728,2.90651559720401e-06,0.000868062710146301
"ETFA",1292.18907827287,0.311160205574851,0.0849846165874885,3.66137094063986,0.000250869227127649,0.0138167014087081
"NCOA6",2084.9083579282,0.175148209719655,0.0505064895029323,3.46783574632496,0.000524667874021942,0.021266977375981
"CCNB1",1124.70536863649,0.369595943620949,0.104397398333856,3.5402792552263,0.000399703852774188,0.0183961601890442
"BAHCC1",404.778592977974,-0.434984395263324,0.12608726285803,-3.44986785662166,0.000560861020186863,0.0214883002311431
"S100B",110.274671335117,-1.51057633346347,0.222872830570098,-6.77775002722175,1.22061799255328e-11,1.60669946359788e-07
"GNPNAT1",1667.63824905297,0.348035503928353,0.079728937602235,4.36523443551563,1.26986493022182e-05,0.00217080936058569
"STAMBP",828.916372244082,0.132244593588505,0.0411822276112993,3.21120544611386,0.00132179399589646,0.0357999472592286
"TBC1D8",953.81635181826,-0.273844217658699,0.088488432364389,-3.09468944518113,0.00197019068393733,0.0432948580511971
"MVP",3552.54351129263,-0.289339729772543,0.0842824322560059,-3.43297792941808,0.000596990692110337,0.0222288223876331
"CDKN3",195.550757382545,0.414923259368665,0.123203475382009,3.36778859591532,0.000757736745424742,0.025574586615451
"NGLY1",678.616300712943,0.213942885699264,0.0522389213227114,4.09546905414852,4.213145045777e-05,0.00499618272410474
"SLC35E4",77.9222530226992,0.303508889590357,0.0947287476455548,3.2039786984833,0.00135542504696696,0.0361736695610416
"MVK",383.994055886827,0.248639537049522,0.0787497619164078,3.15733700012262,0.00159217223015222,0.039109603826347
"APBB1",440.98578962476,-0.312072413351291,0.0986561991541705,-3.16323166741518,0.00156028114537891,0.0388674972456149
"IRAK2",108.721372050976,-0.381995666299927,0.120105247131791,-3.18050772486872,0.00147017219508853,0.0376731951158921
"IRAK3",291.487688761883,-0.52397543912163,0.163659065127327,-3.20162796184847,0.00136653365396161,0.0362654888852756
"SMARCD2",3568.87585801152,0.328557902781789,0.0922726254940256,3.56072996755752,0.000369825256452154,0.0175628178427753
"TM2D2",1296.89253603591,0.449734335042375,0.09896821082948,4.54423022577681,5.51363704361446e-06,0.00129600007866245
"SERPINE2",1013.0542054559,-0.493207154692841,0.142987444294111,-3.44930393803224,0.000562033706670245,0.0214883002311431
"MARS",2058.40369262554,0.16099241542018,0.050420799488196,3.19297625294239,0.00140814526209977,0.0369968384930523
"PGM3",574.561030466601,0.252325368955683,0.0726579037639405,3.47278624739116,0.000515085409725552,0.0211244774697806
"FTL",32936.0436737277,0.339521432405991,0.0927878574342031,3.65911490786119,0.000253087846917532,0.0138808138707311
"ATP6V1E1",2396.78958127247,0.171021585602812,0.0554486682721155,3.08432268857243,0.00204016179988928,0.0440963050442406
"PPFIA3",239.097472106087,0.605820496805215,0.129709889356642,4.67058063043666,3.00349559794196e-06,0.000868062710146301
"C7orf68",653.45096467388,0.359957957645842,0.100879356959528,3.56820234084418,0.000359438886817768,0.0172674965955558
"ARAF",1189.40625975937,0.163890260044373,0.0453328702466156,3.61526325495811,0.00030004256468962,0.0155353358918096
"PKP2",538.639504958616,-0.398670898055446,0.126101347653173,-3.16151179567045,0.00156952461460394,0.0388955188042279
"LPL",852.714304952716,-0.589263283695318,0.189640704529157,-3.1072616248624,0.00188829203898393,0.041914988379672
"MAMLD1",138.58163802637,-0.525492809179454,0.152192074573497,-3.4528263751716,0.000554745938656867,0.0214883002311431
"NKAP",404.921559603747,0.167857708216729,0.0472150367923124,3.55517478372609,0.00037772790434566,0.0176313205847586
"GALNT5",261.875906007788,-0.85871338205644,0.20272141251707,-4.2359283678735,2.27609334663145e-05,0.0034743211794684
"LOXL4",102.713140401872,-0.76832534986512,0.170433800957426,-4.50805735452116,6.54238925512502e-06,0.00136873275306074
"PFKL",3115.60663943053,0.249182043740617,0.0754752659545407,3.30150600450618,0.000961672764897856,0.0297804492605051
"LSM1",843.088640513807,0.414332077712052,0.115892238150339,3.57514950375338,0.000350027818440345,0.0171704143048212
"XDH",114.303178183497,-0.844426839244972,0.214204582677577,-3.94215113742928,8.07540607890282e-05,0.0075015298090498
"PGK1",9429.38190278308,0.312765901722203,0.0756203606213346,4.13600119269946,3.53410353408226e-05,0.00447301969414662
"WARS2",441.142949801025,-0.246108155939077,0.0765869198924154,-3.21344893207344,0.00131151118368582,0.0356682266753231
"ICAM1",1437.37425232471,-0.475082285460994,0.12989669430801,-3.65738549384854,0.000254801026131074,0.0139167879956984
"DPM1",720.72900072463,0.229968534098404,0.0658847203929406,3.49046839277539,0.000482174644839883,0.0208093929509094
"CYC1",2536.36806170353,0.318084338394592,0.0903887724986762,3.51906912331673,0.000433063858368097,0.0191933318777753
"ZNF662",143.974359992935,-0.457967791856079,0.144878364232664,-3.16105026641946,0.00157201367498665,0.0388955188042279
"CINP",454.588109355683,0.193929498055044,0.0619055034895719,3.13266974862278,0.00173224229006827,0.0407029393093085
"HSP90AA1",34761.9181660938,0.429141335210057,0.0792055422256559,5.41807205848597,6.02451365223017e-08,6.10005178494659e-05
"ZNF174",327.164928881063,-0.177858548751086,0.0571195646855132,-3.11379384157308,0.00184698494253394,0.0414878204753826
"CD59",12756.0040858025,-0.387587261703774,0.0988942470809045,-3.919209389265,8.88399093480143e-05,0.0078175068288737
"C8orf76",546.679777559188,0.383071894820941,0.0846174433535842,4.52710315555421,5.97977540872746e-06,0.00131186306175133
"C8orf73",234.699043834193,0.653238228085284,0.165356136870054,3.95049279966327,7.7990444299888e-05,0.0074390450602857
"RAB3D",2202.53250092855,0.235953409961637,0.0760643187083336,3.10202489115025,0.00192201796583134,0.0425917886940032
"AARS",3385.85521869599,0.335683919665837,0.078957897506045,4.25142930940045,2.12410556807346e-05,0.00328936489324129
"ZDHHC16",835.239487611547,0.211394891310069,0.0642394357016691,3.29073393937948,0.000999263755312848,0.030377156607813
"SETD3",1531.48226834212,0.155418749808867,0.0494657916632727,3.14194405028116,0.00167830103209947,0.0400934237486849
"C10orf26",2089.65762955341,-0.219874543712861,0.0588762115459734,-3.73452261854811,0.000188071589066104,0.0119593542361214
"TTK",319.337502205148,0.408759405023563,0.134560937867321,3.03772708114301,0.00238369731720886,0.0488423814833334
"TOP1",3297.72134188436,0.149514618690214,0.0468459623501031,3.19162231256597,0.00141476195981803,0.0370228860379418
"SHROOM1",837.517323299674,-0.714654638564305,0.220326598698996,-3.24361490071676,0.00118023197252164,0.0333377541937817
"PELI3",271.467395868696,0.327636203032801,0.0903451886748154,3.62649309651764,0.000287296496586537,0.0151267351382744
"ZBTB47",398.394173992277,-0.21719579759936,0.0631904715872737,-3.4371605741126,0.000587846991677199,0.0220841012860533
"NIPAL2",265.862711992557,0.39685142066911,0.127556756349295,3.11117522918498,0.00186344326001893,0.041611131803607
"CHI3L1",1383.54443221308,-1.16672624425382,0.224544458458108,-5.19596988616617,2.03655226889947e-07,0.000141090197450125
"SLC16A13",75.1573326003225,0.359677278596788,0.106174067168397,3.3876189185286,0.000705021466148969,0.0242488894819878
"TMEM49",3501.19437936075,0.35368158961661,0.106785245509765,3.31208293737798,0.000926040879849012,0.0289536249440678
"FANCD2",512.416582279489,0.373649859906195,0.0930902401561668,4.01384569724351,5.97374059146203e-05,0.00640812530146791
"MED1",2752.97772142607,0.780127735577844,0.131366666121485,5.93855167837174,2.87551013648348e-09,5.58118977713825e-06
"NXPH3",241.526713623613,-0.898190852890152,0.180989099907487,-4.962679262725,6.95273449949736e-07,0.0003196983442813
"RPS6KB1",1234.68800632803,0.450086139958924,0.0913447558949188,4.92733420270666,8.33591048402343e-07,0.000353953515165163
"RPS6KB2",746.027761008231,0.356794718564613,0.0860648016429348,4.14565201747494,3.38848103277046e-05,0.00437280155238799
"LSM14B",1390.27417841096,0.228324773562995,0.0640477098279302,3.56491706224016,0.00036397126417188,0.0174216500010707
"MOBKL3",1081.73481930527,0.144555395326563,0.0458555994226766,3.15240444234771,0.00161931813065957,0.0393994169202809
"TMED10P1",74.151799974428,0.279511926068079,0.0810166574903692,3.45005502234286,0.000560472307137432,0.0214883002311431
"SAPS3",2706.17042169789,0.242058632931125,0.0641084059861247,3.77577057497757,0.000159513762952774,0.0108067409105871
"PAPOLA",4508.01891630092,0.176218364260858,0.0458096333874958,3.84675342782722,0.000119693317538114,0.0091600182485709
"DCAF7",3530.31371304593,0.219970212246747,0.0712962419767128,3.08529883410398,0.00203347729627381,0.0440677837807818
"PKP4",2701.40880164832,-0.196203172247911,0.0630795288082742,-3.11040960442582,0.00186828070317798,0.041611131803607
"FAM46B",373.653042857259,-0.521056139811147,0.152667592471487,-3.41301078621819,0.000642493991642361,0.0229949221175104
"WDR67",243.527528412508,0.378948303882261,0.0997289773685811,3.79978130610659,0.000144823834942881,0.0103496760172635
"ORMDL3",3382.67625016301,0.469864730984041,0.139024698959064,3.37972126177662,0.000725593766846129,0.0246795626692393
"SEC16B",125.765308228995,-0.379417022085833,0.121152752395812,-3.1317243280306,0.00173782966586883,0.0407029393093085
"CX3CL1",1266.48941733049,-0.597188394609772,0.172412884913901,-3.46371093383185,0.000532778701321943,0.021266977375981
"SCRN2",402.958867788436,-0.283980540891328,0.0928772531542642,-3.05758978917746,0.00223124784617774,0.0468419703337122
"VDAC1",4990.50478601616,0.202259388251186,0.0585101374364917,3.45682640842749,0.000546576818645599,0.0214763900412896
"RPL23",13047.0616641848,0.403926894022979,0.116313229173683,3.47275109540482,0.000515152873038029,0.0211244774697806
"ATG5",875.686948645838,0.236786666818896,0.074478990886717,3.17924107187556,0.0014766122812805,0.0376731951158921
"MED13",2786.26397777793,0.272554215075242,0.0879403168095065,3.09930899686932,0.00193972602948216,0.0428788086316182
"RBP4",136.492301211935,-0.82490511335488,0.239741568641489,-3.44080969365995,0.000579976295828689,0.0220006570086254
"INTS2",499.061065367443,0.337808494356955,0.10166079897445,3.32289828296406,0.000890873929510858,0.0283250568457764
"ADAM9",2828.96957901987,0.56937104402142,0.126219903489541,4.51094501168431,6.45394513281885e-06,0.00136873275306074
"INTS8",1273.1430500318,0.288997297052475,0.0717336194079894,4.02875666162592,5.6072620868192e-05,0.0061506992374001
"TMEM65",616.632508732628,0.311175466100895,0.0987942071016034,3.14973392904375,0.00163419219095114,0.0394694895586969
"PYROXD2",127.363144148848,-0.444528025146104,0.118286772185843,-3.75805355858131,0.000171240233420781,0.0112633747453315
"ZNF629",1224.59214222473,-0.28415763057703,0.0645903857377081,-4.39937968060684,1.08560746793502e-05,0.00204140730006123
"ADC",172.656764146243,-0.261214855245584,0.0799160559488219,-3.2686154508534,0.00108075076201015,0.0316131606229769
"MOCS3",326.709447429508,0.25208946776785,0.0699724300442988,3.60269705665867,0.00031493248796392,0.0161301803076618
"KANK1",812.466817770979,-0.33919989446734,0.101550646836912,-3.34020417429825,0.000837168176015969,0.027208999261477
"COMMD7",1464.96645366908,0.183133966209478,0.0561841254925078,3.25953220067292,0.00111596111725159,0.0322135881280322
"WIPF2",1728.0899686094,0.367453176623799,0.101299452918057,3.62739546995419,0.000286294619740702,0.0151267351382744
"ZSCAN18",1020.28659490009,-0.374160370605008,0.118192949742981,-3.1656741913849,0.00154723990185425,0.0387243899549413
"RPL19",23343.2458235531,0.481797848791643,0.122427403759717,3.93537585537016,8.30665944456534e-05,0.00759309432422317
"HOXB6",172.890192599534,0.730689869297939,0.21319675748421,3.42730291923908,0.000609608625220143,0.0223970246693224
"RHOU",557.291210983493,0.428105563893757,0.13854085197337,3.09010344454967,0.00200086795015187,0.0435329335997506
"MPP3",100.592448202564,0.349329154815829,0.112972396264505,3.0921638060853,0.00198703168070934,0.0434521278597923
"ASH2L",1737.72530626137,0.392782501750522,0.105506160193012,3.72283951033729,0.000196994748888121,0.0122313296208224
"PBK",317.816268258693,0.459497304243533,0.134315048612102,3.42104111930561,0.000623818997106313,0.0224967930381107
"KIF21A",663.972043456338,0.319785702202581,0.0973007718068218,3.28656901959086,0.0010141591749791,0.0304780301832191
"EIF2S2",1852.4560053085,0.273098296611298,0.0569936741376416,4.79172997255373,1.65349346597949e-06,0.000558797511057002
"HEATR6",691.560012012359,0.595050931546457,0.0971842875898225,6.12291293483509,9.18799065345343e-10,3.02353802428519e-06
"CCNA2",537.77593680194,0.473773241903053,0.128102061476684,3.6984045099796,0.000216958940494834,0.0129810478806068
"YEATS4",440.333484520509,0.270345568943855,0.0842285027835183,3.20966846150275,0.00132888150942217,0.0359180026869075
"OSBPL1A",1391.6796326429,-0.294407191220725,0.0827247001648849,-3.55887891565542,0.000372441176406731,0.0175628178427753
"UNC93B1",845.473345548867,0.318134036766832,0.0918529678775084,3.46351396278326,0.00053316892304746,0.021266977375981
"DHRS2",4465.83524349967,1.19273355454902,0.356589068173172,3.34484049289414,0.000823299040466566,0.0270927131741535
"RABIF",557.657806964913,0.230706408483596,0.0626358029643666,3.68329928834543,0.000230234577347114,0.0132920076386845
"PTGES3",7599.37413507701,0.219941128226574,0.051969102526237,4.23215175046625,2.31466143867702e-05,0.0034743211794684
"FA2H",112.507001941847,0.537214442695709,0.15661012095862,3.43026644387595,0.000602988826385574,0.022255451948761
"MTDH",5274.82898632491,0.300281311653195,0.0768706725594708,3.9063182570815,9.37130678337028e-05,0.0080623863522551
"CEACAM5",1089.00850403531,0.996004938663146,0.311849827639364,3.19386079576407,0.00140383792902159,0.0369574373194224
"ZNF274",481.469300514494,-0.283591811385193,0.08102865270494,-3.4998954310381,0.000465440702520501,0.0201532762081492
"KIAA0415",479.341681363602,0.196702505600854,0.0631706047738838,3.11382970457449,0.00184676046891042,0.0414878204753826
"EPR1",441.011480142802,0.494318759179345,0.151637780051891,3.25986544388996,0.00111465080811595,0.0322135881280322
"CWC25",460.757087196241,0.459787296715409,0.0994480755565106,4.62339058993794,3.77517902778949e-06,0.000985044428001239
"EME1",95.3965838779995,0.457849903775573,0.128259194641912,3.56972383191588,0.000357357764914729,0.0172304038812183
"TIMM17A",1653.09372253808,0.188389580790141,0.0611721185742959,3.07966415387975,0.00207234133973424,0.0443548439917427
"RRM2B",1395.55130836523,0.294493081455868,0.0953607812641466,3.08819912706179,0.00201373488787542,0.043740581401162
"PARP3",415.103797746499,-0.339256946223421,0.0824939422947809,-4.11250737673722,3.9138496065496e-05,0.00470592310925508
"DPP3",1459.159577292,0.392401393750345,0.0871144274771064,4.50443635014955,6.65493399649682e-06,0.00136873275306074
"RNFT1",406.834817116074,0.507481127546227,0.104481789476001,4.85712515158246,1.19102320456205e-06,0.00044792681261858
"RNASE1",2086.6800761396,0.534334185005991,0.122401207426942,4.36543230445599,1.26871590259665e-05,0.00217080936058569
"CCR6",82.040909816425,-0.857523672268915,0.144300580384262,-5.94262108984866,2.80500304874852e-09,5.58118977713825e-06
"STMN3",1118.20942863954,0.505182798480789,0.155988751442811,3.2385847941478,0.00120124307540416,0.0334469426780417
"FGF2",230.632025230969,-0.95383722263658,0.179498788670299,-5.31389225354927,1.0730808291176e-07,0.00010089259252625
"KIAA0182",3166.01261609514,0.283117921232749,0.0866024000206786,3.26916945910445,0.00107863680952624,0.0316131606229769
"ELN",2031.0377422214,-0.686277534199512,0.177273065960079,-3.8713017709868,0.000108255672999789,0.00858985696380164
"STX4",761.473481953944,-0.217295872802227,0.0647125427018191,-3.35786330948976,0.000785474451837926,0.0261090914382389
"C21orf63",290.227477351862,-0.364676852943735,0.117356059514769,-3.10743948332588,0.00188715618700593,0.041914988379672
"FAM83D",419.086347636054,0.605701362649677,0.143190998672387,4.23002401174314,2.33666368943507e-05,0.0034743211794684
"TMEM106C",1928.13635148589,0.289671402415648,0.0850005910363678,3.40787515573522,0.000654708416241529,0.0232289134312325
"RTEL1",423.74433884159,0.281978334170066,0.0899632273622323,3.13437325936179,0.00172221632989118,0.0407029393093085
"HSPA9",7894.51273693493,0.220172797697796,0.0582911414867407,3.77712276826622,0.000158650539644095,0.0108067409105871
"LRP6",1166.34128542247,-0.271386901830243,0.0779826878554235,-3.48009166256724,0.000501242259362979,0.0209838807719026
"STRBP",1426.05845846952,0.181842819822459,0.0558597212124834,3.25534778683825,0.00113253585828935,0.0323374609602229
"TXNRD1",2221.21182178261,0.439144547994438,0.0843758790117367,5.20462190306015,1.94391983934713e-07,0.000141090197450125
"KIF7",125.174158321169,-0.352041264837306,0.116104026590157,-3.03211934311287,0.00242843171217112,0.0496357866883671
"BNIP3",962.673701518831,0.341942646534835,0.092548566812121,3.69473735048753,0.000220114197914464,0.0130511855276941
"UBQLN1",3871.04159262902,0.194873192753418,0.0499690327528546,3.89987922554465,9.6240684350544e-05,0.00821197699480519
"AP3M2",772.149969256551,0.365808520774875,0.0941879285559656,3.88381532945079,0.000102830020995369,0.00851290293309462
"AKAP12",839.812427921077,-0.425572448360645,0.135832943736445,-3.13305768581721,0.00172995438947906,0.0407029393093085
"PTGER3",894.043258628996,-0.813454813930606,0.179521816823297,-4.53123095746791,5.86409850562054e-06,0.00130829031575395
"LAPTM4B",5094.65959922121,0.617919204111114,0.142115806750364,4.34799772270603,1.37386030504435e-05,0.00228912951839224
"SLC38A7",269.674455577537,0.234199894026346,0.0736348916075013,3.18055596896523,0.00146992741848288,0.0376731951158921
"APPBP2",1752.22871309223,0.398263558737327,0.103392410930166,3.8519612334635,0.000117175576224948,0.00901977842016955
"IDH3A",1013.93615613361,0.224914435798515,0.0654899054096804,3.43433746608023,0.000594004180213358,0.0222127188186035
"ARHGEF9",637.58535706065,-0.315348082303029,0.0950491872559183,-3.31773570513507,0.000907503103501185,0.0286309108531167
"ARHGEF6",1284.22530963151,-0.387462948713381,0.120898160590681,-3.20487050274648,0.00135123258930315,0.0361736695610416
"UCKL1",559.830572509876,0.247526646268473,0.079354609469883,3.11924723619761,0.00181313751942747,0.0412913026653597
"TRIB3",1099.66127637772,0.316268991513187,0.103698353326567,3.04989405682453,0.00228922102906675,0.0476664633004545
"RACGAP1",1097.24348935752,0.404088328967544,0.0946747427083265,4.26817456702742,1.97079078087273e-05,0.00312548422272624
"FGD3",1169.00736641917,-0.517997316340866,0.168115170831464,-3.08120506780532,0.00206164606779558,0.0443052695399273
"CASC3",3530.80286361639,0.394850153570823,0.113598431637622,3.4758415928698,0.000509252988042063,0.0210134704752278
"CASC5",249.3372561229,0.459678858941489,0.133915453439572,3.43260502902985,0.000597812286349777,0.0222288223876331
"BOLA3",262.980572808696,0.241755533392464,0.0711989366176817,3.39549359691456,0.000685049761946177,0.0239185942082163
"GSR",1081.1937734906,0.511935948176454,0.115524108790607,4.43142088292897,9.36141615577363e-06,0.00181212236556542
"MAPRE1",3593.72515480061,0.153477454323932,0.0490047208516811,3.131891206736,0.001736842220449,0.0407029393093085
"AQP3",1443.54835754356,0.765878338422731,0.22991782793361,3.33109591938162,0.000865047893393777,0.0277722571237617
"PHB",3230.90552707518,0.338012447391193,0.0913165325016687,3.70154711453829,0.000214288854777135,0.0129011541047529
"TOM1L1",1464.22638379005,0.402114655957224,0.106170217732248,3.78745249417613,0.000152199773093777,0.0106000296996475
"EPN3",985.793357392376,0.577876328325766,0.132097880898967,4.37460710492204,1.21651383407857e-05,0.00215161516738592
"DSN1",604.322990706489,0.351051703131064,0.0831122796539026,4.22382474157753,2.40190858718851e-05,0.0034743211794684
"ECT2",1330.83528159969,0.369031515159286,0.0953289022365249,3.87113987994601,0.000108327604344836,0.00858985696380164
"CAPN7",959.710581571318,0.175654721519349,0.0577206442582845,3.04318712614053,0.00234086720126442,0.0482959795771842
"SPAG5",814.159850755628,0.469172128044851,0.121520673525135,3.86084206443943,0.000112996927998042,0.00885344382879896
"KLHL5",874.940479245857,-0.323116429389104,0.0914566433858258,-3.533001184244,0.00041087063116467,0.0185851894090053
"KLHL3",116.595011577459,-0.321354353498787,0.106006525265568,-3.03145823046014,0.00243375590663493,0.0496674868202103
"TSKU",2550.83624340382,0.470730160369996,0.154327255991716,3.05020754334713,0.00228683278090884,0.0476664633004545
"ELL3",349.811333719618,0.373584548684689,0.102470672917042,3.64577042435482,0.000266591899760984,0.0144409431133903
"AVL9",525.229059311232,0.292989080361292,0.0808959182541876,3.62180301162631,0.000292556865562703,0.0153423347466209
"GRHL2",2162.12579137882,0.230292606567393,0.0611163799418404,3.76809959599282,0.000164495075691428,0.0110471871496238
"TOMM70A",2742.95456061909,0.188929437213017,0.0505740610253369,3.73569836755577,0.000187194945792995,0.0119593542361214
"BPTF",2785.07235241054,0.308798107478833,0.0901889350921402,3.42390235746052,0.00061728796077895,0.0224288940672815
"FKBP4",9390.69667730683,0.304347961106028,0.0927956360725541,3.27976588110316,0.00103893262656873,0.0309399777455297
"GPR172A",1592.15067566157,0.315745369479326,0.101164449559352,3.12110994380573,0.00180170754654879,0.0412604326489596
"SLC26A6",254.231372934274,0.365200512525832,0.0952945240516672,3.83233471345978,0.000126932878755508,0.00960239932792383
"C12orf35",1441.52803977269,-0.235040264663844,0.0750445120171954,-3.13201136693364,0.0017361315347104,0.0407029393093085
"RPL19P12",73.0641807776982,0.45360014733299,0.130885632246365,3.46562215842899,0.000529006145720651,0.021266977375981
"STT3B",2406.11670339049,0.259176190279151,0.0770892767568389,3.36202648646796,0.000773727016147765,0.0259094103959138
"RELL2",53.4995517141454,0.459991241133046,0.126810624170011,3.62738724885031,0.00028630373258046,0.0151267351382744
"PSMD7",1643.12910023029,0.218071185800855,0.067563650978339,3.2276406417227,0.00124815666859406,0.0345883920604286
"PSMD3",4686.48286113057,0.559938425150811,0.136191578610198,4.1114027083381,3.93262586050337e-05,0.00470592310925508
"PSMD2",5031.63693820566,0.21200771187527,0.0572275967116855,3.70464118812068,0.000211690172799813,0.0129003599285368
"RABGGTA",456.645481154063,0.16911891446737,0.0495850945575589,3.41068048727938,0.000648009796427699,0.0231158616541404
"RBBP8",1445.76232239957,-0.396388152775592,0.117613906414109,-3.37024901953297,0.000751002833704644,0.0254124686376715
"FTSJ3",1478.88692323034,0.326999790728843,0.0889143866198442,3.6776927014853,0.000235353259969408,0.0133860213566826
"DERL1",3167.6231501883,0.225676186108587,0.0691588168867348,3.26315857135308,0.00110177853402372,0.0320148142237399
"CHPT1",1782.62456243172,-0.566983024398551,0.129177922047073,-4.38916353052916,1.13787482726868e-05,0.00210955582413205
"TOB1",3570.8921385011,0.420593419971654,0.113800683185847,3.69587781195292,0.000219128348315972,0.0130511855276941
"RAD51",203.804037560449,0.41170305793636,0.115310458730795,3.57038782490255,0.000356453080273447,0.0172304038812183
"CDYL2",175.421897041374,0.428164255133584,0.140426711799195,3.04902286500765,0.00229587007008191,0.0476664633004545
"SLC1A1",1213.0511528668,-0.989319283848465,0.251561330685964,-3.93271605437434,8.39914300452254e-05,0.00762468409438139
"CHSY1",1856.55313636192,-0.305925221647468,0.0780137747582369,-3.92142570456979,8.80265903889644e-05,0.0078175068288737
"PCTP",473.2335585299,0.312536331845199,0.0852026576531593,3.66815238460593,0.000244309567098865,0.0136423028471452
"SYNC",357.124236438546,-0.423139864055317,0.13857531754468,-3.05350095206448,0.00226188004125928,0.0473623022196623
"DARS2",989.888403417941,0.265869986846071,0.0800935427190262,3.31949340508962,0.00090180934802958,0.0286036540918394
"NUSAP1",999.288546208385,0.360383745677213,0.112494766233629,3.20356010988784,0.00135739700718493,0.0361736695610416
"CACYBP",2075.96008070027,0.216487053686148,0.0667909361337144,3.24126395313197,0.00119000941430014,0.0333989209390889
"PHF8",1357.53725961556,0.196583590330112,0.0600381126480593,3.27431329299901,0.0010591910796113,0.031235904348659
"MAP3K14",360.659731580818,-0.30768193095663,0.0851488466673024,-3.6134597589891,0.000302138265464048,0.0155353358918096
"ABCC5",1778.1783443816,0.480306341295159,0.123390039035459,3.89258602274316,9.91813142647483e-05,0.00827029452596597
"CPS1",92.0152710790115,-0.805105120718662,0.18480891293948,-4.35641933017761,1.32207386580346e-05,0.00223108439686807
"ZNF160",699.476925916506,-0.157538149867581,0.0511049113310279,-3.08264207420576,0.00205171765853522,0.0442009157762669
"C17orf28",3301.86626379655,0.401694933405043,0.118178273273809,3.39905908486537,0.000676181071392355,0.0237348571806335
